drug,cnn_mean_auc,transformer_mean_auc,esm_mean_auc,regression_logreg_mean_auc,regression_ridge_mean_auc,regression_lasso_mean_auc
amikacin,0.48599275249927226,0.4965899006132664,0.49178278889445737,0.5074623824593978,0.5074623824593978,0.5074623824593978
capreomycin,0.501329595708814,0.500124153915367,0.48261259682360585,0.5,0.5,0.5
ethambutol,0.8982392005662114,0.6329558404084856,0.8225726459386649,0.9006980205355923,0.9050288637245145,0.8987244550645477
ethionamide,0.5837752171242604,0.5233390676068197,0.5047765347834194,0.6128742882024328,0.5794572250213452,0.6083792306547189
isoniazid,0.906903110049419,0.654379011366029,0.9025587221540341,0.922036405804757,0.9026229771244607,0.8961854478539009
moxifloxacin,0.7946896896131013,0.6066549193823485,0.7866889232915,0.8081249303656612,0.7950627921203502,0.799251241726409
pyrazinamide,0.791740747503691,0.6606011230297628,0.7736842789090236,0.7797888253872827,0.784571612183725,0.6925432419282874
rifampicin,0.9611134952075171,0.7056359009477572,0.9626257407852847,0.9600143363534532,0.9593857746182723,0.9596921535444557
streptomycin,0.7961577856055625,0.638521191064143,0.7930206140363151,0.7626319108179436,0.7697387700070621,0.7697397051118009
